title,url
"Hey all, is anyone willing to share how they do age verification? I see a lot of profiles that say they do it, but with so many guys not willing to show their face, it seems like the ID trick wouldn’t necessarily work.",https://www.reddit.com/r/onlyfansadvice/comments/xvxdka/hey_all_is_anyone_willing_to_share_how_they_do/
What is a way to confirm age without violating your privacy?,https://www.reddit.com/r/privacy/comments/qisu6s/what_is_a_way_to_confirm_age_without_violating/
"Facebook age verification, ID method not working, can i please get some tips to help?",https://www.reddit.com/r/facebook/comments/1g8kz3j/facebook_age_verification_id_method_not_working/
Who thinks that age verification is idiotic?,https://www.reddit.com/r/roblox/comments/pym7kh/who_thinks_that_age_verification_is_idiotic/
What are your thoughts on the age verification laws for porn?,https://www.reddit.com/r/AskConservatives/comments/18znr34/what_are_your_thoughts_on_the_age_verification/
Persona and Age Verification,https://www.reddit.com/r/VRchat/comments/1hgk7h6/persona_and_age_verification/
Age Verification ✅,https://www.reddit.com/r/AvakinOfficial/comments/17blmt0/age_verification/
How many subs check for age verification before they engage a Dominant?,https://www.reddit.com/r/paypigsupportgroup/comments/14u2p1m/how_many_subs_check_for_age_verification_before/
Age verification teen account email legit?,https://www.reddit.com/r/MetaQuestVR/comments/1hv4l4f/age_verification_teen_account_email_legit/
"It’s not just a ‘teen social media ban’, it’s a national age verification scheme",https://www.reddit.com/r/technology/comments/1g3sds8/its_not_just_a_teen_social_media_ban_its_a/
Does the o2 Arena check IDs for teenagers?,https://www.reddit.com/r/AskUK/comments/1i55qty/does_the_o2_arena_check_ids_for_teenagers/
"It’s not just a ‘teen social media ban’, it’s a national age verification scheme",https://www.reddit.com/r/australia/comments/1g3pb1l/its_not_just_a_teen_social_media_ban_its_a/
What do you think about age verification laws ?,https://www.reddit.com/r/AskALiberal/comments/1iu4jca/what_do_you_think_about_age_verification_laws/
Requiring age-verification for porn won’t save children from online harm. But it will invade our privacy,https://www.reddit.com/r/onguardforthee/comments/1bzv0yb/requiring_ageverification_for_porn_wont_save/
"You know that one Florida age-verification law? Yeah, turns out it’s much worse than it first seems.",https://www.reddit.com/r/facepalm/comments/1bny0mv/you_know_that_one_florida_ageverification_law/
"In all honesty- are ""modders"" and minors really bypassing 18+ verification? More context below",https://www.reddit.com/r/VRchat/comments/1iuaj4z/in_all_honesty_are_modders_and_minors_really/
"Age verification laws, Project 2025, Porn bans and YOU!",https://www.reddit.com/r/CamGirlProblems/comments/1ikav6n/age_verification_laws_project_2025_porn_bans_and/
No-one's really sure how age verification will work on under 16s social media ban,https://www.reddit.com/r/australian/comments/1gte9z6/noones_really_sure_how_age_verification_will_work/
CMV: A minor lying about their age on a dating app is NOT a victim.,https://www.reddit.com/r/changemyview/comments/1bz23lw/cmv_a_minor_lying_about_their_age_on_a_dating_app/
Age verification,https://www.reddit.com/r/paypigsupportgroup/comments/1bszu71/age_verification/
Tos Ruling on age verification?,https://www.reddit.com/r/discordapp/comments/roxpzt/tos_ruling_on_age_verification/
Thoughts on the adult content age verification changes coming in July,https://www.reddit.com/r/LegalAdviceUK/comments/1iimsbg/thoughts_on_the_adult_content_age_verification/
Age verification for alcohol,https://www.reddit.com/r/samsclub/comments/1fxrbsu/age_verification_for_alcohol/
Age verification for a phone charger?,https://www.reddit.com/r/AmazonDSPDrivers/comments/15zxj35/age_verification_for_a_phone_charger/
Monster age verification,https://www.reddit.com/r/Wetherspoons/comments/1iq1tth/monster_age_verification/
One way age verification could be exploited by criminals,https://www.reddit.com/r/privacy/comments/182wgy5/one_way_age_verification_could_be_exploited_by/
Is Age Verification still reliable in VRChat?,https://www.reddit.com/r/VRchat/comments/1j03tol/is_age_verification_still_reliable_in_vrchat/
My only concern that's stopping me from verifying my account to 18+,https://www.reddit.com/r/VRchat/comments/1hi3l5p/my_only_concern_thats_stopping_me_from_verifying/
Subs age verification,https://www.reddit.com/r/paypigsupportgroup/comments/1ah3yrm/subs_age_verification/
A Discussion on Age Verification,https://www.reddit.com/r/BadRPerStories/comments/1e93hvh/a_discussion_on_age_verification/
TikTok making me do age verification now?,https://www.reddit.com/r/TikTok/comments/1j7lfvp/tiktok_making_me_do_age_verification_now/
Age Verification in Findom and Sex Work,https://www.reddit.com/r/FreshFinZone/comments/1iyok7z/age_verification_in_findom_and_sex_work/
OnlyFans Age Verification: How to get verified,https://www.reddit.com/r/onlyfansbizschool/comments/13bxrbb/onlyfans_age_verification_how_to_get_verified/
Credit Card Age Verification,https://www.reddit.com/r/Dungeonborne/comments/1eatm24/credit_card_age_verification/
Age verification rumors,https://www.reddit.com/r/VRchat/comments/1h8p7s5/age_verification_rumors/
"How to circumvent that ""Korea Only"" Google Age Verification pop up?",https://www.reddit.com/r/seoul/comments/v3say2/how_to_circumvent_that_korea_only_google_age/
Does VPN bypass PornHub age verification requirements?,https://www.reddit.com/r/Louisiana/comments/102zcly/does_vpn_bypass_pornhub_age_verification/
How do I bypass the new youtube age restriction block?,https://www.reddit.com/r/privacy/comments/ljp02h/how_do_i_bypass_the_new_youtube_age_restriction/
Third party online identity selfie verification,https://www.reddit.com/r/privacy/comments/1bhhc5v/third_party_online_identity_selfie_verification/
Keep your age verification bouncers away from public game lobbies,https://www.reddit.com/r/VRchat/comments/1jme0ir/keep_your_age_verification_bouncers_away_from/
"Youtube Age Verification Bypass on Firefox, Windows 10",https://www.reddit.com/r/privacy/comments/nb5qtc/youtube_age_verification_bypass_on_firefox/
Bypass Age Verification on Porn Sites,https://www.reddit.com/r/askgaybros/comments/1iikeqr/bypass_age_verification_on_porn_sites/
[Suggestion] A way to bypass the (new and bad) age verification in the EU.,https://www.reddit.com/r/Vanced/comments/ma73v9/suggestion_a_way_to_bypass_the_new_and_bad_age/
"On iPhone, are there any apps I can use to bypass the age verification thing for YouTube?",https://www.reddit.com/r/privacy/comments/ua50z4/on_iphone_are_there_any_apps_i_can_use_to_bypass/
Any extensions to bypass age verification on youtube + reddit?,https://www.reddit.com/r/firefox/comments/1hxjtux/any_extensions_to_bypass_age_verification_on/
Is there a way to bypass the age restriction without verification/ID etc,https://www.reddit.com/r/youtubedl/comments/onkqyy/is_there_a_way_to_bypass_the_age_restriction/
What do you guys do to bypass the age-check verification?,https://www.reddit.com/r/youtube/comments/1dh47f9/what_do_you_guys_do_to_bypass_the_agecheck/
ID verification,https://www.reddit.com/r/FreeCash/comments/1ied4gn/id_verification/
Is ID verification safe?,https://www.reddit.com/r/roblox/comments/1hra7h6/is_id_verification_safe/
IF YOU NEED ID VERIFICATION - READ THIS!!,https://www.reddit.com/r/IRS/comments/lzb2wl/if_you_need_id_verification_read_this/
Is there a way of getting around verifying your ID,https://www.reddit.com/r/InstacartShoppers/comments/vmz5jf/is_there_a_way_of_getting_around_verifying_your_id/
Is it just me or does it feel super sketchy uploading an ID to get verified on YouTube?,https://www.reddit.com/r/NewTubers/comments/1cyeujd/is_it_just_me_or_does_it_feel_super_sketchy/
Why are they now asking for identity verification all of a sudden?,https://www.reddit.com/r/DataAnnotationTech/comments/1fj68od/why_are_they_now_asking_for_identity_verification/
Identity Verification,https://www.reddit.com/r/DataAnnotationTech/comments/1fdtjb7/identity_verification/
Social media ban: How Australia will implement age-assessment technology,https://www.reddit.com/r/australia/comments/1h4o7zy/social_media_ban_how_australia_will_implement/
Ex “OF Agency Recruiter” claims there’s is no age verification when uploading content to OF etc,https://www.reddit.com/r/SnarkAntiSexWork/comments/1humcz4/ex_of_agency_recruiter_claims_theres_is_no_age/
How do age verification laws (or any other law really) actually work on the internet,https://www.reddit.com/r/legaladviceofftopic/comments/194uvqu/how_do_age_verification_laws_or_any_other_law/
Federal judge declares Arkansas social media age-verification law unconstitutional,https://www.reddit.com/r/technology/comments/1jpm70o/federal_judge_declares_arkansas_social_media/
"No, Conscripting The App Stores Doesn’t Solve The Problems With Age Verification",https://www.reddit.com/r/technology/comments/1idy72z/no_conscripting_the_app_stores_doesnt_solve_the/
the age verification prompt,https://www.reddit.com/r/MetaQuestVR/comments/1fkxf9h/the_age_verification_prompt/
"How to age verify,please help me",https://www.reddit.com/r/Living_in_Korea/comments/1f39o9o/how_to_age_verifyplease_help_me/
What is your opinion on age verification on porn sites?,https://www.reddit.com/r/Destiny/comments/1i3kmbx/what_is_your_opinion_on_age_verification_on_porn/
Roblox age verification,https://www.reddit.com/r/RobloxHelp/comments/qq5ho8/roblox_age_verification/
Google Asking for ID/Credit Card age verification for 14 year old account.,https://www.reddit.com/r/google/comments/kthfkh/google_asking_for_idcredit_card_age_verification/
VPNs Are Not a Solution to Age Verification Laws,https://www.reddit.com/r/privacy/comments/1i3ru1k/vpns_are_not_a_solution_to_age_verification_laws/
[Suggestion] Bypass Verify Age,https://www.reddit.com/r/Vanced/comments/mkjkeq/suggestion_bypass_verify_age/
"Help! Google wants to ""verify"" my age that I'm 18 or older in order to install a dating app from Play Market, but I absolutely don't want to send my ID nor my credit card. How can I bypass it?",https://www.reddit.com/r/PrivacyGuides/comments/u8q4ib/help_google_wants_to_verify_my_age_that_im_18_or/
Indiana to require age verification to access porn online,https://www.reddit.com/r/Indiana/comments/1bfdta8/indiana_to_require_age_verification_to_access/
what websites should I use to bypass YouTube age verification?,https://www.reddit.com/r/Piracy/comments/104rubf/what_websites_should_i_use_to_bypass_youtube_age/
"YouTube prompting me verify my age, anyone know how i can avoid this?",https://www.reddit.com/r/uBlockOrigin/comments/ms7dbg/youtube_prompting_me_verify_my_age_anyone_know/
Age verification is really implemented poorly.,https://www.reddit.com/r/OculusQuest/comments/1c37zq7/age_verification_is_really_implemented_poorly/
US states requiring age verification affecting traffic yes?,https://www.reddit.com/r/CamGirlProblems/comments/1hworpv/us_states_requiring_age_verification_affecting/
River Financial: problems with identity verification,https://www.reddit.com/r/BitcoinBeginners/comments/1c1jh60/river_financial_problems_with_identity/
Can't purchase LRC due to ID verification problems with Ramp? Here is a workaround!,https://www.reddit.com/r/loopringorg/comments/tb1q4i/cant_purchase_lrc_due_to_id_verification_problems/
Problems verifying identity with OH|ID… any solutions?,https://www.reddit.com/r/Ohio/comments/18yv59n/problems_verifying_identity_with_ohid_any/
